{
    "name": "chatroom",
    "roles": [
        "chatroom"
    ],
    "lookups": [
        "free-text",
        "keywords"
    ],
    "keywords": [
        {
            "keyword": "Buckys Badger Den",
            "synonyms": [
                "badger den",
                "badgers den",
                "bucky badger",
                "bucky badger den",
                "bucky den",
                "bucky's badger den",
                "buckys",
                "buckys badger",
                "buckys badger den",
                "buckys den",
                "den",
                "den of bucky",
                "den of bucky badger",
                "den of buckys badger",
                "the den"
            ]
        },
        {
            "keyword": "Engineering Hall Exchange",
            "synonyms": [
                "Engineering Hall Exchange",
                "engineer hall",
                "engineer hall exchange",
                "engineering exchange",
                "engineering hall",
                "engineers exchange",
                "exchange",
                "exchange of engineering hall",
                "exchanges",
                "hall exchange",
                "the exchange"
            ]
        },
        {
            "keyword": "Grainger Hall Gatherings",
            "synonyms": [
                "gathering",
                "gatherings",
                "grainger",
                "grainger gathering",
                "grainger gatherings",
                "grainger hall",
                "grainger hall gatherings",
                "hall gathering",
                "the gatherings"
            ]
        },
        {
            "keyword": "Kohl Center Kudos",
            "synonyms": [
                "Kohl Center Kudos",
                "center kudos",
                "kohl",
                "kohl center",
                "kohl kudos",
                "kudo",
                "kudos",
                "the kudos"
            ]
        },
        {
            "keyword": "Lakeshore Path Pioneers",
            "synonyms": [
                "Lakeshore Path Pioneers",
                "lakeshore",
                "lakeshore path",
                "lakeshore path pioneers",
                "lakeshore pioneers",
                "path prioneers",
                "pioneers",
                "the pioneers"
            ]
        },
        {
            "keyword": "Picnic Point Pathfinders",
            "synonyms": [
                "Picnic Point Pathfinders",
                "pathfinder",
                "pathfinders",
                "pathfinders of picnic point",
                "picnic pathfinders",
                "picnic point",
                "picnic point pathfinder",
                "point pathfinders",
                "point picnic pathfinder",
                "the pathfinders"
            ]
        },
        {
            "keyword": "Science Hall",
            "synonyms": [
                "science hall"
            ]
        },
        {
            "keyword": "Science Hall",
            "synonyms": [
                "science hall"
            ]
        },
        {
            "keyword": "Science Hall Scholars",
            "synonyms": [
                "hall of science",
                "hall scholars",
                "scholars",
                "science hall",
                "science hall scholars",
                "science scholars",
                "the scholars"
            ]
        },
        {
            "keyword": "Union South Socials",
            "synonyms": [
                "social",
                "socials",
                "socials in union south",
                "south social",
                "south socials",
                "the socials",
                "union social",
                "union socials",
                "union south",
                "union south socials",
                "union south's socials",
                "union souths"
            ]
        }
    ]
}
