{
    "name": "item_name",
    "roles": [
        "item_name"
    ],
    "lookups": [
        "free-text",
        "keywords"
    ],
    "keywords": [
        {
            "keyword": "apple",
            "synonyms": [
                "apple",
                "apples"
            ]
        },
        {
            "keyword": "bagel",
            "synonyms": [
                "bagel",
                "bagels"
            ]
        },
        {
            "keyword": "beef sticks",
            "synonyms": [
                "beef sticks"
            ]
        },
        {
            "keyword": "burgers",
            "synonyms": [
                "burgers"
            ]
        },
        {
            "keyword": "cakes",
            "synonyms": [
                "cakes"
            ]
        },
        {
            "keyword": "celery",
            "synonyms": [
                "cele",
                "celery"
            ]
        },
        {
            "keyword": "coc",
            "synonyms": [
                "coc"
            ]
        },
        {
            "keyword": "coconut",
            "synonyms": [
                "coconut",
                "coconuts"
            ]
        },
        {
            "keyword": "donut",
            "synonyms": [
                "donut",
                "donuts"
            ]
        },
        {
            "keyword": "egg",
            "synonyms": [
                "egg",
                "eggs"
            ]
        },
        {
            "keyword": "grapes",
            "synonyms": [
                "grapes"
            ]
        },
        {
            "keyword": "hotdog",
            "synonyms": [
                "hotdog"
            ]
        },
        {
            "keyword": "muffin",
            "synonyms": [
                "muffin"
            ]
        },
        {
            "keyword": "olives",
            "synonyms": [
                "olives"
            ]
        },
        {
            "keyword": "pepperoni",
            "synonyms": [
                "pepperoni"
            ]
        },
        {
            "keyword": "pineapples",
            "synonyms": [
                "pineapples"
            ]
        },
        {
            "keyword": "raspberries",
            "synonyms": [
                "raspberries"
            ]
        },
        {
            "keyword": "tomatoes",
            "synonyms": [
                "tomatoes"
            ]
        },
        {
            "keyword": "watermelon",
            "synonyms": [
                "watermelon"
            ]
        }
    ]
}
