{
    "utterances": [
        {
            "text": "Add 10 bagels to my cart",
            "entities": [
                {
                    "entity": "wit$number:number",
                    "start": 4,
                    "end": 6,
                    "body": "10",
                    "entities": []
                },
                {
                    "entity": "item_name:item_name",
                    "start": 7,
                    "end": 12,
                    "body": "bagel",
                    "entities": []
                }
            ],
            "traits": [],
            "intent": "add_item"
        },
        {
            "text": "Add 4 bagels to my cart",
            "entities": [
                {
                    "entity": "wit$number:number",
                    "start": 4,
                    "end": 5,
                    "body": "4",
                    "entities": []
                },
                {
                    "entity": "item_name:item_name",
                    "start": 6,
                    "end": 11,
                    "body": "bagel",
                    "entities": []
                }
            ],
            "traits": [],
            "intent": "add_item"
        },
        {
            "text": "Can you please remove 5 eggs from the cart",
            "entities": [
                {
                    "entity": "item_name:item_name",
                    "start": 24,
                    "end": 28,
                    "body": "eggs",
                    "entities": []
                },
                {
                    "entity": "wit$number:number",
                    "start": 22,
                    "end": 23,
                    "body": "5",
                    "entities": []
                }
            ],
            "traits": [],
            "intent": "remove_item"
        },
        {
            "text": "I am done",
            "entities": [],
            "traits": [],
            "intent": "checkout"
        },
        {
            "text": "I changed my mind, put back the 10 eggs",
            "entities": [
                {
                    "entity": "wit$number:number",
                    "start": 32,
                    "end": 34,
                    "body": "10",
                    "entities": []
                },
                {
                    "entity": "item_name:item_name",
                    "start": 35,
                    "end": 39,
                    "body": "eggs",
                    "entities": []
                }
            ],
            "traits": [],
            "intent": "remove_item"
        },
        {
            "text": "I don't understand",
            "entities": [],
            "traits": [],
            "intent": "get_help"
        },
        {
            "text": "I need your help",
            "entities": [],
            "traits": [],
            "intent": "get_help"
        },
        {
            "text": "I wanna see what is in my cart",
            "entities": [],
            "traits": [],
            "intent": "view_cart"
        },
        {
            "text": "I would like for you to take 4 apples out of the cart",
            "entities": [
                {
                    "entity": "wit$number:number",
                    "start": 29,
                    "end": 30,
                    "body": "4",
                    "entities": []
                },
                {
                    "entity": "item_name:item_name",
                    "start": 31,
                    "end": 37,
                    "body": "apples",
                    "entities": []
                }
            ],
            "traits": [],
            "intent": "remove_item"
        },
        {
            "text": "I'd like to be done",
            "entities": [],
            "traits": [],
            "intent": "checkout"
        },
        {
            "text": "I'm finished shopping",
            "entities": [],
            "traits": [],
            "intent": "checkout"
        },
        {
            "text": "I'm ready to pay now",
            "entities": [],
            "traits": [],
            "intent": "checkout"
        },
        {
            "text": "Let's checkout",
            "entities": [],
            "traits": [],
            "intent": "checkout"
        },
        {
            "text": "Tell me the cost",
            "entities": [],
            "traits": [],
            "intent": "get_price"
        },
        {
            "text": "add 1 apple",
            "entities": [
                {
                    "entity": "wit$number:number",
                    "start": 4,
                    "end": 5,
                    "body": "1",
                    "entities": []
                },
                {
                    "entity": "item_name:item_name",
                    "start": 6,
                    "end": 11,
                    "body": "apple",
                    "entities": []
                }
            ],
            "traits": [],
            "intent": "add_item"
        },
        {
            "text": "add 4 bagels",
            "entities": [
                {
                    "entity": "item_name:item_name",
                    "start": 6,
                    "end": 11,
                    "body": "bagel",
                    "entities": []
                },
                {
                    "entity": "wit$number:number",
                    "start": 4,
                    "end": 5,
                    "body": "4",
                    "entities": []
                }
            ],
            "traits": [],
            "intent": "add_item"
        },
        {
            "text": "add 40 cakes",
            "entities": [
                {
                    "entity": "wit$number:number",
                    "start": 4,
                    "end": 6,
                    "body": "40",
                    "entities": []
                },
                {
                    "entity": "item_name:item_name",
                    "start": 7,
                    "end": 12,
                    "body": "cakes",
                    "entities": []
                }
            ],
            "traits": [],
            "intent": "add_item"
        },
        {
            "text": "add 7 eggs",
            "entities": [
                {
                    "entity": "wit$number:number",
                    "start": 4,
                    "end": 5,
                    "body": "7",
                    "entities": []
                },
                {
                    "entity": "item_name:item_name",
                    "start": 6,
                    "end": 10,
                    "body": "eggs",
                    "entities": []
                }
            ],
            "traits": [],
            "intent": "add_item"
        },
        {
            "text": "add a bagel to my cart",
            "entities": [
                {
                    "entity": "item_name:item_name",
                    "start": 6,
                    "end": 11,
                    "body": "bagel",
                    "entities": []
                }
            ],
            "traits": [],
            "intent": "add_item"
        },
        {
            "text": "add a muffin to my cart",
            "entities": [
                {
                    "entity": "item_name:item_name",
                    "start": 6,
                    "end": 12,
                    "body": "muffin",
                    "entities": []
                }
            ],
            "traits": [],
            "intent": "add_item"
        },
        {
            "text": "add an apple",
            "entities": [
                {
                    "entity": "item_name:item_name",
                    "start": 7,
                    "end": 12,
                    "body": "apple",
                    "entities": []
                }
            ],
            "traits": [],
            "intent": "add_item"
        },
        {
            "text": "add an apple to my basket",
            "entities": [
                {
                    "entity": "item_name:item_name",
                    "start": 7,
                    "end": 12,
                    "body": "apple",
                    "entities": []
                }
            ],
            "traits": [],
            "intent": "add_item"
        },
        {
            "text": "add to my cart 10 of the apples",
            "entities": [
                {
                    "entity": "wit$number:number",
                    "start": 15,
                    "end": 17,
                    "body": "10",
                    "entities": []
                },
                {
                    "entity": "item_name:item_name",
                    "start": 25,
                    "end": 31,
                    "body": "apples",
                    "entities": []
                }
            ],
            "traits": [],
            "intent": "add_item"
        },
        {
            "text": "apple price",
            "entities": [
                {
                    "entity": "item_name:item_name",
                    "start": 0,
                    "end": 5,
                    "body": "apple",
                    "entities": []
                }
            ],
            "traits": [],
            "intent": "get_price"
        },
        {
            "text": "are apples available",
            "entities": [],
            "traits": [],
            "intent": "get_items"
        },
        {
            "text": "are there any fun items today",
            "entities": [],
            "traits": [],
            "intent": "get_items"
        },
        {
            "text": "bitch",
            "entities": [],
            "traits": []
        },
        {
            "text": "bop",
            "entities": [],
            "traits": []
        },
        {
            "text": "bro give me help right the fuck now",
            "entities": [],
            "traits": [],
            "intent": "get_help"
        },
        {
            "text": "bruv",
            "entities": [],
            "traits": []
        },
        {
            "text": "buy cart",
            "entities": [],
            "traits": [],
            "intent": "checkout"
        },
        {
            "text": "buy me a movie ticket",
            "entities": [],
            "traits": []
        },
        {
            "text": "can i get 1 apple",
            "entities": [
                {
                    "entity": "wit$number:number",
                    "start": 10,
                    "end": 11,
                    "body": "1",
                    "entities": []
                },
                {
                    "entity": "item_name:item_name",
                    "start": 12,
                    "end": 17,
                    "body": "apple",
                    "entities": []
                }
            ],
            "traits": [],
            "intent": "add_item"
        },
        {
            "text": "can i have an apple",
            "entities": [
                {
                    "entity": "item_name:item_name",
                    "start": 14,
                    "end": 19,
                    "body": "apple",
                    "entities": []
                }
            ],
            "traits": [],
            "intent": "add_item"
        },
        {
            "text": "can i please get 4 apples",
            "entities": [
                {
                    "entity": "wit$number:number",
                    "start": 17,
                    "end": 18,
                    "body": "4",
                    "entities": []
                },
                {
                    "entity": "item_name:item_name",
                    "start": 19,
                    "end": 25,
                    "body": "apples",
                    "entities": []
                }
            ],
            "traits": [],
            "intent": "add_item"
        },
        {
            "text": "can i please get 4 apples, thanks",
            "entities": [
                {
                    "entity": "wit$number:number",
                    "start": 17,
                    "end": 18,
                    "body": "4",
                    "entities": []
                },
                {
                    "entity": "item_name:item_name",
                    "start": 19,
                    "end": 25,
                    "body": "apples",
                    "entities": []
                }
            ],
            "traits": [],
            "intent": "add_item"
        },
        {
            "text": "can you please tell me the price of a donut",
            "entities": [
                {
                    "entity": "item_name:item_name",
                    "start": 38,
                    "end": 43,
                    "body": "donut",
                    "entities": []
                }
            ],
            "traits": [],
            "intent": "get_price"
        },
        {
            "text": "can you tell me the price for a",
            "entities": [],
            "traits": [],
            "intent": "get_price"
        },
        {
            "text": "checkout",
            "entities": [],
            "traits": [],
            "intent": "checkout"
        },
        {
            "text": "checkout time",
            "entities": [],
            "traits": [],
            "intent": "checkout"
        },
        {
            "text": "complete the transaction",
            "entities": [],
            "traits": [],
            "intent": "checkout"
        },
        {
            "text": "cost of apples",
            "entities": [
                {
                    "entity": "item_name:item_name",
                    "start": 8,
                    "end": 14,
                    "body": "apples",
                    "entities": []
                }
            ],
            "traits": [],
            "intent": "get_price"
        },
        {
            "text": "cs571 is cool",
            "entities": [],
            "traits": []
        },
        {
            "text": "delete 4",
            "entities": [
                {
                    "entity": "wit$number:number",
                    "start": 7,
                    "end": 8,
                    "body": "4",
                    "entities": []
                }
            ],
            "traits": [],
            "intent": "remove_item"
        },
        {
            "text": "delete 4 donuts from my cart",
            "entities": [
                {
                    "entity": "wit$number:number",
                    "start": 7,
                    "end": 8,
                    "body": "4",
                    "entities": []
                },
                {
                    "entity": "item_name:item_name",
                    "start": 9,
                    "end": 14,
                    "body": "donut",
                    "entities": []
                }
            ],
            "traits": [],
            "intent": "remove_item"
        },
        {
            "text": "delete a pepperoni from the cart",
            "entities": [
                {
                    "entity": "item_name:item_name",
                    "start": 9,
                    "end": 18,
                    "body": "pepperoni",
                    "entities": []
                }
            ],
            "traits": [],
            "intent": "remove_item"
        },
        {
            "text": "dette er norsk. vi snakker ikke norsk i BadgerMart",
            "entities": [],
            "traits": []
        },
        {
            "text": "dkjskfmdkmfkdkfd",
            "entities": [],
            "traits": []
        },
        {
            "text": "do not give me help",
            "entities": [],
            "traits": []
        },
        {
            "text": "don't talk to me",
            "entities": [],
            "traits": []
        },
        {
            "text": "donut cost",
            "entities": [
                {
                    "entity": "item_name:item_name",
                    "start": 0,
                    "end": 5,
                    "body": "donut",
                    "entities": []
                }
            ],
            "traits": [],
            "intent": "get_price"
        },
        {
            "text": "eat dirt",
            "entities": [],
            "traits": []
        },
        {
            "text": "evilllll",
            "entities": [],
            "traits": []
        },
        {
            "text": "fuck this shit",
            "entities": [],
            "traits": []
        },
        {
            "text": "get rid of 4 apples",
            "entities": [
                {
                    "entity": "wit$number:number",
                    "start": 11,
                    "end": 12,
                    "body": "4",
                    "entities": []
                },
                {
                    "entity": "item_name:item_name",
                    "start": 13,
                    "end": 19,
                    "body": "apples",
                    "entities": []
                }
            ],
            "traits": [],
            "intent": "remove_item"
        },
        {
            "text": "gimme 2 tomatoes",
            "entities": [
                {
                    "entity": "wit$number:number",
                    "start": 6,
                    "end": 7,
                    "body": "2",
                    "entities": []
                },
                {
                    "entity": "item_name:item_name",
                    "start": 8,
                    "end": 16,
                    "body": "tomatoes",
                    "entities": []
                }
            ],
            "traits": [],
            "intent": "add_item"
        },
        {
            "text": "gimme an apple",
            "entities": [
                {
                    "entity": "item_name:item_name",
                    "start": 9,
                    "end": 14,
                    "body": "apple",
                    "entities": []
                }
            ],
            "traits": [],
            "intent": "add_item"
        },
        {
            "text": "give me 3 coconuts",
            "entities": [
                {
                    "entity": "item_name:item_name",
                    "start": 10,
                    "end": 17,
                    "body": "coconut",
                    "entities": []
                },
                {
                    "entity": "wit$number:number",
                    "start": 8,
                    "end": 9,
                    "body": "3",
                    "entities": []
                }
            ],
            "traits": [],
            "intent": "add_item"
        },
        {
            "text": "give me a hotdog",
            "entities": [],
            "traits": []
        },
        {
            "text": "give me a list of chosen items",
            "entities": [],
            "traits": [],
            "intent": "view_cart"
        },
        {
            "text": "help!",
            "entities": [],
            "traits": [],
            "intent": "get_help"
        },
        {
            "text": "hi",
            "entities": [],
            "traits": []
        },
        {
            "text": "how much an apple cost",
            "entities": [
                {
                    "entity": "item_name:item_name",
                    "start": 12,
                    "end": 17,
                    "body": "apple",
                    "entities": []
                }
            ],
            "traits": [],
            "intent": "get_price"
        },
        {
            "text": "how much do apples cost",
            "entities": [
                {
                    "entity": "item_name:item_name",
                    "start": 12,
                    "end": 18,
                    "body": "apples",
                    "entities": []
                }
            ],
            "traits": [],
            "intent": "get_price"
        },
        {
            "text": "how much do watermelons cost",
            "entities": [
                {
                    "entity": "item_name:item_name",
                    "start": 12,
                    "end": 22,
                    "body": "watermelon",
                    "entities": []
                }
            ],
            "traits": [],
            "intent": "get_price"
        },
        {
            "text": "how much for a",
            "entities": [],
            "traits": [],
            "intent": "get_price"
        },
        {
            "text": "how much for a muffin",
            "entities": [
                {
                    "entity": "item_name:item_name",
                    "start": 15,
                    "end": 21,
                    "body": "muffin",
                    "entities": []
                }
            ],
            "traits": [],
            "intent": "get_price"
        },
        {
            "text": "how much is a bagel",
            "entities": [
                {
                    "entity": "item_name:item_name",
                    "start": 14,
                    "end": 19,
                    "body": "bagel",
                    "entities": []
                }
            ],
            "traits": [],
            "intent": "get_price"
        },
        {
            "text": "how much is the total",
            "entities": [],
            "traits": [],
            "intent": "view_cart"
        },
        {
            "text": "how much money is a donut",
            "entities": [
                {
                    "entity": "item_name:item_name",
                    "start": 20,
                    "end": 25,
                    "body": "donut",
                    "entities": []
                }
            ],
            "traits": [],
            "intent": "get_price"
        },
        {
            "text": "how much will a bagel cost me",
            "entities": [
                {
                    "entity": "item_name:item_name",
                    "start": 16,
                    "end": 21,
                    "body": "bagel",
                    "entities": []
                }
            ],
            "traits": [],
            "intent": "get_price"
        },
        {
            "text": "how was your day",
            "entities": [],
            "traits": []
        },
        {
            "text": "i despise you",
            "entities": [],
            "traits": []
        },
        {
            "text": "i don't want to",
            "entities": [],
            "traits": []
        },
        {
            "text": "i got that dog in me",
            "entities": [],
            "traits": []
        },
        {
            "text": "i hate this app",
            "entities": [],
            "traits": []
        },
        {
            "text": "i hate you",
            "entities": [],
            "traits": []
        },
        {
            "text": "i have no idea what to do",
            "entities": [],
            "traits": [],
            "intent": "get_help"
        },
        {
            "text": "i like apples",
            "entities": [],
            "traits": []
        },
        {
            "text": "i need help",
            "entities": [],
            "traits": [],
            "intent": "get_help"
        },
        {
            "text": "i need help immediately",
            "entities": [],
            "traits": [],
            "intent": "get_help"
        },
        {
            "text": "i need help right now",
            "entities": [],
            "traits": [],
            "intent": "get_help"
        },
        {
            "text": "i never want to talk to you thank you",
            "entities": [],
            "traits": []
        },
        {
            "text": "i want 4 apples now",
            "entities": [
                {
                    "entity": "wit$number:number",
                    "start": 7,
                    "end": 8,
                    "body": "4",
                    "entities": []
                },
                {
                    "entity": "item_name:item_name",
                    "start": 9,
                    "end": 15,
                    "body": "apples",
                    "entities": []
                }
            ],
            "traits": [],
            "intent": "add_item"
        },
        {
            "text": "i want 4 coconuts in my cart",
            "entities": [
                {
                    "entity": "wit$number:number",
                    "start": 7,
                    "end": 8,
                    "body": "4",
                    "entities": []
                },
                {
                    "entity": "item_name:item_name",
                    "start": 9,
                    "end": 16,
                    "body": "coconut",
                    "entities": []
                }
            ],
            "traits": [],
            "intent": "add_item"
        },
        {
            "text": "i want 8",
            "entities": [
                {
                    "entity": "wit$number:number",
                    "start": 7,
                    "end": 8,
                    "body": "8",
                    "entities": []
                }
            ],
            "traits": [],
            "intent": "add_item"
        },
        {
            "text": "i want to add 3 bagels to my cart",
            "entities": [
                {
                    "entity": "wit$number:number",
                    "start": 14,
                    "end": 15,
                    "body": "3",
                    "entities": []
                },
                {
                    "entity": "item_name:item_name",
                    "start": 16,
                    "end": 21,
                    "body": "bagel",
                    "entities": []
                }
            ],
            "traits": [],
            "intent": "get_price"
        },
        {
            "text": "i want to know what items are available today",
            "entities": [],
            "traits": [],
            "intent": "get_items"
        },
        {
            "text": "i would like 4 hotdogs please",
            "entities": [
                {
                    "entity": "wit$number:number",
                    "start": 13,
                    "end": 14,
                    "body": "4",
                    "entities": []
                },
                {
                    "entity": "item_name:item_name",
                    "start": 15,
                    "end": 21,
                    "body": "hotdog",
                    "entities": []
                }
            ],
            "traits": [],
            "intent": "add_item"
        },
        {
            "text": "i would love to see what I can purchase",
            "entities": [],
            "traits": [],
            "intent": "get_items"
        },
        {
            "text": "i'd like 4 apples",
            "entities": [
                {
                    "entity": "wit$number:number",
                    "start": 9,
                    "end": 10,
                    "body": "4",
                    "entities": []
                },
                {
                    "entity": "item_name:item_name",
                    "start": 11,
                    "end": 17,
                    "body": "apples",
                    "entities": []
                }
            ],
            "traits": [],
            "intent": "add_item"
        },
        {
            "text": "i'd like to know the price",
            "entities": [],
            "traits": [],
            "intent": "get_price"
        },
        {
            "text": "i'll take 10 bagels",
            "entities": [
                {
                    "entity": "wit$number:number",
                    "start": 10,
                    "end": 12,
                    "body": "10",
                    "entities": []
                },
                {
                    "entity": "item_name:item_name",
                    "start": 13,
                    "end": 18,
                    "body": "bagel",
                    "entities": []
                }
            ],
            "traits": [],
            "intent": "add_item"
        },
        {
            "text": "i'll take 4 raspberries",
            "entities": [
                {
                    "entity": "wit$number:number",
                    "start": 10,
                    "end": 11,
                    "body": "4",
                    "entities": []
                },
                {
                    "entity": "item_name:item_name",
                    "start": 12,
                    "end": 23,
                    "body": "raspberries",
                    "entities": []
                }
            ],
            "traits": [],
            "intent": "add_item"
        },
        {
            "text": "i'm confused",
            "entities": [],
            "traits": [],
            "intent": "get_help"
        },
        {
            "text": "let me be done",
            "entities": [],
            "traits": [],
            "intent": "checkout"
        },
        {
            "text": "let me know the amount I would need to pay for a bagel",
            "entities": [
                {
                    "entity": "item_name:item_name",
                    "start": 49,
                    "end": 54,
                    "body": "bagel",
                    "entities": []
                }
            ],
            "traits": [],
            "intent": "get_price"
        },
        {
            "text": "let me see what I have",
            "entities": [],
            "traits": [],
            "intent": "view_cart"
        },
        {
            "text": "let me view my cart",
            "entities": [],
            "traits": [],
            "intent": "view_cart"
        },
        {
            "text": "let's view my cart",
            "entities": [],
            "traits": [],
            "intent": "view_cart"
        },
        {
            "text": "list items in cart",
            "entities": [],
            "traits": [],
            "intent": "view_cart"
        },
        {
            "text": "list selected items",
            "entities": [],
            "traits": [],
            "intent": "view_cart"
        },
        {
            "text": "make the order",
            "entities": [],
            "traits": [],
            "intent": "checkout"
        },
        {
            "text": "money for a coconut",
            "entities": [
                {
                    "entity": "item_name:item_name",
                    "start": 12,
                    "end": 15,
                    "body": "coc",
                    "entities": []
                }
            ],
            "traits": [],
            "intent": "get_price"
        },
        {
            "text": "ohhhhhh",
            "entities": [],
            "traits": []
        },
        {
            "text": "please add to my cart 10 bagels",
            "entities": [
                {
                    "entity": "wit$number:number",
                    "start": 22,
                    "end": 24,
                    "body": "10",
                    "entities": []
                },
                {
                    "entity": "item_name:item_name",
                    "start": 25,
                    "end": 30,
                    "body": "bagel",
                    "entities": []
                }
            ],
            "traits": [],
            "intent": "add_item"
        },
        {
            "text": "please delete 3 burgers",
            "entities": [
                {
                    "entity": "wit$number:number",
                    "start": 14,
                    "end": 15,
                    "body": "3",
                    "entities": []
                },
                {
                    "entity": "item_name:item_name",
                    "start": 16,
                    "end": 23,
                    "body": "burgers",
                    "entities": []
                }
            ],
            "traits": [],
            "intent": "remove_item"
        },
        {
            "text": "please delete 3 pineapples from the cart",
            "entities": [
                {
                    "entity": "item_name:item_name",
                    "start": 16,
                    "end": 26,
                    "body": "pineapples",
                    "entities": []
                },
                {
                    "entity": "wit$number:number",
                    "start": 14,
                    "end": 15,
                    "body": "3",
                    "entities": []
                }
            ],
            "traits": [],
            "intent": "remove_item"
        },
        {
            "text": "please give me a little help",
            "entities": [],
            "traits": [],
            "intent": "get_help"
        },
        {
            "text": "please give me help",
            "entities": [],
            "traits": [],
            "intent": "get_help"
        },
        {
            "text": "please leave me alone",
            "entities": [],
            "traits": []
        },
        {
            "text": "please let me see a list of todays items",
            "entities": [],
            "traits": [],
            "intent": "get_items"
        },
        {
            "text": "please place 22 pineapples in my cart",
            "entities": [
                {
                    "entity": "wit$number:number",
                    "start": 13,
                    "end": 15,
                    "body": "22",
                    "entities": []
                },
                {
                    "entity": "item_name:item_name",
                    "start": 16,
                    "end": 26,
                    "body": "pineapples",
                    "entities": []
                }
            ],
            "traits": [],
            "intent": "add_item"
        },
        {
            "text": "please show items currently in cart",
            "entities": [],
            "traits": [],
            "intent": "view_cart"
        },
        {
            "text": "please show me what I currently have",
            "entities": [],
            "traits": [],
            "intent": "view_cart"
        },
        {
            "text": "please stop",
            "entities": [],
            "traits": []
        },
        {
            "text": "price of an egg",
            "entities": [
                {
                    "entity": "item_name:item_name",
                    "start": 12,
                    "end": 15,
                    "body": "egg",
                    "entities": []
                }
            ],
            "traits": [],
            "intent": "get_price"
        },
        {
            "text": "put 10 apples in the cart",
            "entities": [
                {
                    "entity": "wit$number:number",
                    "start": 4,
                    "end": 6,
                    "body": "10",
                    "entities": []
                },
                {
                    "entity": "item_name:item_name",
                    "start": 7,
                    "end": 13,
                    "body": "apples",
                    "entities": []
                }
            ],
            "traits": [],
            "intent": "add_item"
        },
        {
            "text": "put 4 coconuts in my cart",
            "entities": [
                {
                    "entity": "wit$number:number",
                    "start": 4,
                    "end": 5,
                    "body": "4",
                    "entities": []
                },
                {
                    "entity": "item_name:item_name",
                    "start": 6,
                    "end": 13,
                    "body": "coconut",
                    "entities": []
                }
            ],
            "traits": [],
            "intent": "add_item"
        },
        {
            "text": "put 4 donuts in my cart",
            "entities": [
                {
                    "entity": "wit$number:number",
                    "start": 4,
                    "end": 5,
                    "body": "4",
                    "entities": []
                },
                {
                    "entity": "item_name:item_name",
                    "start": 6,
                    "end": 11,
                    "body": "donut",
                    "entities": []
                }
            ],
            "traits": [],
            "intent": "add_item"
        },
        {
            "text": "put an egg in my cart",
            "entities": [
                {
                    "entity": "item_name:item_name",
                    "start": 7,
                    "end": 10,
                    "body": "egg",
                    "entities": []
                }
            ],
            "traits": [],
            "intent": "add_item"
        },
        {
            "text": "put back 3 bagels",
            "entities": [
                {
                    "entity": "wit$number:number",
                    "start": 9,
                    "end": 10,
                    "body": "3",
                    "entities": []
                },
                {
                    "entity": "item_name:item_name",
                    "start": 11,
                    "end": 16,
                    "body": "bagel",
                    "entities": []
                }
            ],
            "traits": [],
            "intent": "remove_item"
        },
        {
            "text": "remove 1 from my cart",
            "entities": [
                {
                    "entity": "wit$number:number",
                    "start": 7,
                    "end": 8,
                    "body": "1",
                    "entities": []
                }
            ],
            "traits": [],
            "intent": "remove_item"
        },
        {
            "text": "remove 4 apples from my cart",
            "entities": [
                {
                    "entity": "item_name:item_name",
                    "start": 9,
                    "end": 15,
                    "body": "apples",
                    "entities": []
                },
                {
                    "entity": "wit$number:number",
                    "start": 7,
                    "end": 8,
                    "body": "4",
                    "entities": []
                }
            ],
            "traits": [],
            "intent": "remove_item"
        },
        {
            "text": "remove 40 muffins from cart",
            "entities": [
                {
                    "entity": "wit$number:number",
                    "start": 7,
                    "end": 9,
                    "body": "40",
                    "entities": []
                },
                {
                    "entity": "item_name:item_name",
                    "start": 10,
                    "end": 16,
                    "body": "muffin",
                    "entities": []
                }
            ],
            "traits": [],
            "intent": "remove_item"
        },
        {
            "text": "remove 7 eggs",
            "entities": [
                {
                    "entity": "wit$number:number",
                    "start": 7,
                    "end": 8,
                    "body": "7",
                    "entities": []
                },
                {
                    "entity": "item_name:item_name",
                    "start": 9,
                    "end": 13,
                    "body": "eggs",
                    "entities": []
                }
            ],
            "traits": [],
            "intent": "remove_item"
        },
        {
            "text": "remove a donut from my cart",
            "entities": [
                {
                    "entity": "item_name:item_name",
                    "start": 9,
                    "end": 14,
                    "body": "donut",
                    "entities": []
                }
            ],
            "traits": [],
            "intent": "remove_item"
        },
        {
            "text": "remove an apple from my basket",
            "entities": [
                {
                    "entity": "item_name:item_name",
                    "start": 10,
                    "end": 15,
                    "body": "apple",
                    "entities": []
                }
            ],
            "traits": [],
            "intent": "remove_item"
        },
        {
            "text": "right now give me help",
            "entities": [],
            "traits": [],
            "intent": "get_help"
        },
        {
            "text": "see summary",
            "entities": [],
            "traits": [],
            "intent": "view_cart"
        },
        {
            "text": "show cart items",
            "entities": [],
            "traits": [],
            "intent": "view_cart"
        },
        {
            "text": "show me a video",
            "entities": [],
            "traits": []
        },
        {
            "text": "show me my cart",
            "entities": [],
            "traits": [],
            "intent": "view_cart"
        },
        {
            "text": "show me the cart",
            "entities": [],
            "traits": [],
            "intent": "view_cart"
        },
        {
            "text": "show me the items",
            "entities": [],
            "traits": [],
            "intent": "get_items"
        },
        {
            "text": "show selected",
            "entities": [],
            "traits": [],
            "intent": "view_cart"
        },
        {
            "text": "show selections",
            "entities": [],
            "traits": [],
            "intent": "view_cart"
        },
        {
            "text": "show total",
            "entities": [],
            "traits": [],
            "intent": "view_cart"
        },
        {
            "text": "show what is in cart",
            "entities": [],
            "traits": [],
            "intent": "view_cart"
        },
        {
            "text": "splorgous",
            "entities": [],
            "traits": []
        },
        {
            "text": "stop",
            "entities": [],
            "traits": []
        },
        {
            "text": "sweet! can I have an apple",
            "entities": [
                {
                    "entity": "item_name:item_name",
                    "start": 21,
                    "end": 26,
                    "body": "apple",
                    "entities": []
                }
            ],
            "traits": [],
            "intent": "add_item"
        },
        {
            "text": "take out 4 from the cart",
            "entities": [
                {
                    "entity": "wit$number:number",
                    "start": 9,
                    "end": 10,
                    "body": "4",
                    "entities": []
                }
            ],
            "traits": [],
            "intent": "remove_item"
        },
        {
            "text": "take out an apple from my cart",
            "entities": [],
            "traits": [],
            "intent": "remove_item"
        },
        {
            "text": "tell me price of coconut",
            "entities": [
                {
                    "entity": "item_name:item_name",
                    "start": 17,
                    "end": 24,
                    "body": "coconut",
                    "entities": []
                }
            ],
            "traits": [],
            "intent": "get_price"
        },
        {
            "text": "this doesn't work",
            "entities": [],
            "traits": [],
            "intent": "get_help"
        },
        {
            "text": "throw out 5 beef sticks",
            "entities": [
                {
                    "entity": "wit$number:number",
                    "start": 10,
                    "end": 11,
                    "body": "5",
                    "entities": []
                },
                {
                    "entity": "item_name:item_name",
                    "start": 12,
                    "end": 23,
                    "body": "beef sticks",
                    "entities": []
                }
            ],
            "traits": [],
            "intent": "remove_item"
        },
        {
            "text": "time to pay",
            "entities": [],
            "traits": [],
            "intent": "checkout"
        },
        {
            "text": "timetime",
            "entities": [],
            "traits": []
        },
        {
            "text": "to my cart add 4 grapes",
            "entities": [
                {
                    "entity": "wit$number:number",
                    "start": 15,
                    "end": 16,
                    "body": "4",
                    "entities": []
                },
                {
                    "entity": "item_name:item_name",
                    "start": 17,
                    "end": 23,
                    "body": "grapes",
                    "entities": []
                }
            ],
            "traits": [],
            "intent": "add_item"
        },
        {
            "text": "ugh",
            "entities": [],
            "traits": []
        },
        {
            "text": "view current cart",
            "entities": [],
            "traits": [],
            "intent": "view_cart"
        },
        {
            "text": "view my cart",
            "entities": [],
            "traits": [],
            "intent": "view_cart"
        },
        {
            "text": "wazzz up",
            "entities": [],
            "traits": []
        },
        {
            "text": "what actions are available",
            "entities": [],
            "traits": [],
            "intent": "get_help"
        },
        {
            "text": "what are my current options",
            "entities": [],
            "traits": [],
            "intent": "get_help"
        },
        {
            "text": "what are the options",
            "entities": [],
            "traits": [],
            "intent": "get_help"
        },
        {
            "text": "what can I buy",
            "entities": [],
            "traits": [],
            "intent": "get_items"
        },
        {
            "text": "what can I do",
            "entities": [],
            "traits": [],
            "intent": "get_help"
        },
        {
            "text": "what can I do again",
            "entities": [],
            "traits": [],
            "intent": "get_help"
        },
        {
            "text": "what do I have",
            "entities": [],
            "traits": [],
            "intent": "view_cart"
        },
        {
            "text": "what does an apple cost",
            "entities": [
                {
                    "entity": "item_name:item_name",
                    "start": 13,
                    "end": 18,
                    "body": "apple",
                    "entities": []
                }
            ],
            "traits": [],
            "intent": "get_price"
        },
        {
            "text": "what foods do I have selected already",
            "entities": [],
            "traits": [],
            "intent": "view_cart"
        },
        {
            "text": "what is the cost",
            "entities": [],
            "traits": [],
            "intent": "get_price"
        },
        {
            "text": "what is the price",
            "entities": [],
            "traits": [],
            "intent": "get_price"
        },
        {
            "text": "what is the price of a celery",
            "entities": [
                {
                    "entity": "item_name:item_name",
                    "start": 23,
                    "end": 27,
                    "body": "cele",
                    "entities": []
                }
            ],
            "traits": [],
            "intent": "get_price"
        },
        {
            "text": "what is there to purchase",
            "entities": [],
            "traits": [],
            "intent": "get_items"
        },
        {
            "text": "what items are in the cart",
            "entities": [],
            "traits": [],
            "intent": "view_cart"
        },
        {
            "text": "what items are there",
            "entities": [],
            "traits": [],
            "intent": "get_items"
        },
        {
            "text": "what may i buy",
            "entities": [],
            "traits": [],
            "intent": "get_items"
        },
        {
            "text": "what's available today",
            "entities": [],
            "traits": [],
            "intent": "get_items"
        },
        {
            "text": "what's in my basket",
            "entities": [],
            "traits": [],
            "intent": "view_cart"
        },
        {
            "text": "what's my total",
            "entities": [],
            "traits": [],
            "intent": "view_cart"
        },
        {
            "text": "what's selected",
            "entities": [],
            "traits": [],
            "intent": "view_cart"
        },
        {
            "text": "what's the cost of a",
            "entities": [],
            "traits": [],
            "intent": "get_price"
        },
        {
            "text": "what's the price of a coconut",
            "entities": [
                {
                    "entity": "item_name:item_name",
                    "start": 22,
                    "end": 29,
                    "body": "coconut",
                    "entities": []
                }
            ],
            "traits": [],
            "intent": "get_price"
        },
        {
            "text": "would it be possible to get 10 olives, thank you",
            "entities": [
                {
                    "entity": "wit$number:number",
                    "start": 28,
                    "end": 30,
                    "body": "10",
                    "entities": []
                },
                {
                    "entity": "item_name:item_name",
                    "start": 31,
                    "end": 37,
                    "body": "olives",
                    "entities": []
                }
            ],
            "traits": [],
            "intent": "add_item"
        },
        {
            "text": "you gimme help",
            "entities": [],
            "traits": [],
            "intent": "get_help"
        },
        {
            "text": "you suck",
            "entities": [],
            "traits": []
        }
    ]
}
