{
    "utterances": [
        {
            "text": "'ello bruv",
            "entities": [],
            "traits": []
        },
        {
            "text": "12i394ijf329fk9is09dfid",
            "entities": [],
            "traits": []
        },
        {
            "text": "I am a new user",
            "entities": [],
            "traits": [],
            "intent": "register"
        },
        {
            "text": "I do not have an account",
            "entities": [],
            "traits": [],
            "intent": "register"
        },
        {
            "text": "I want a message",
            "entities": [],
            "traits": [],
            "intent": "get_messages"
        },
        {
            "text": "I want an account",
            "entities": [],
            "traits": [],
            "intent": "register"
        },
        {
            "text": "I want the latest messages",
            "entities": [],
            "traits": [],
            "intent": "get_messages"
        },
        {
            "text": "I want to be logged out",
            "entities": [],
            "traits": [],
            "intent": "logout"
        },
        {
            "text": "I want to create a post",
            "entities": [],
            "traits": [],
            "intent": "create_message"
        },
        {
            "text": "add chat",
            "entities": [],
            "traits": [],
            "intent": "create_message"
        },
        {
            "text": "add message",
            "entities": [],
            "traits": [],
            "intent": "create_message"
        },
        {
            "text": "add post",
            "entities": [],
            "traits": [],
            "intent": "create_message"
        },
        {
            "text": "add post to Buckys Den",
            "entities": [
                {
                    "entity": "chatroom:chatroom",
                    "start": 12,
                    "end": 18,
                    "body": "Buckys",
                    "entities": []
                }
            ],
            "traits": [],
            "intent": "get_messages"
        },
        {
            "text": "adifjkdkjf djfjsk",
            "entities": [],
            "traits": []
        },
        {
            "text": "allow me to poop",
            "entities": [],
            "traits": []
        },
        {
            "text": "am I logged in",
            "entities": [],
            "traits": [],
            "intent": "whoami"
        },
        {
            "text": "am i currently signed in",
            "entities": [],
            "traits": [],
            "intent": "whoami"
        },
        {
            "text": "anything other than the like 7 basic intents duh",
            "entities": [],
            "traits": []
        },
        {
            "text": "apppppppdofdkfkdjfkd",
            "entities": [],
            "traits": []
        },
        {
            "text": "authenticate me",
            "entities": [],
            "traits": [],
            "intent": "login"
        },
        {
            "text": "available chatrooms",
            "entities": [],
            "traits": [],
            "intent": "get_chatrooms"
        },
        {
            "text": "birds eat pineapple",
            "entities": [],
            "traits": []
        },
        {
            "text": "blud",
            "entities": [],
            "traits": []
        },
        {
            "text": "brown or grey squirrels",
            "entities": [],
            "traits": []
        },
        {
            "text": "can I get an account",
            "entities": [],
            "traits": [],
            "intent": "register"
        },
        {
            "text": "chatrom",
            "entities": [],
            "traits": [],
            "intent": "get_chatrooms"
        },
        {
            "text": "chatroom",
            "entities": [],
            "traits": [],
            "intent": "get_chatrooms"
        },
        {
            "text": "chatroom names",
            "entities": [],
            "traits": [],
            "intent": "get_chatrooms"
        },
        {
            "text": "chatrooms",
            "entities": [],
            "traits": [],
            "intent": "get_chatrooms"
        },
        {
            "text": "chatrooms?",
            "entities": [],
            "traits": [],
            "intent": "get_chatrooms"
        },
        {
            "text": "create a message",
            "entities": [],
            "traits": [],
            "intent": "create_message"
        },
        {
            "text": "create a post",
            "entities": [],
            "traits": [],
            "intent": "create_message"
        },
        {
            "text": "create an account",
            "entities": [],
            "traits": [],
            "intent": "register"
        },
        {
            "text": "create new message",
            "entities": [],
            "traits": [],
            "intent": "create_message"
        },
        {
            "text": "create post",
            "entities": [],
            "traits": [],
            "intent": "create_message"
        },
        {
            "text": "create post in Buckys",
            "entities": [],
            "traits": [],
            "intent": "create_message"
        },
        {
            "text": "create post in social",
            "entities": [
                {
                    "entity": "chatroom:chatroom",
                    "start": 15,
                    "end": 21,
                    "body": "social",
                    "entities": []
                }
            ],
            "traits": [],
            "intent": "create_message"
        },
        {
            "text": "create post in socials",
            "entities": [
                {
                    "entity": "chatroom:chatroom",
                    "start": 15,
                    "end": 22,
                    "body": "socials",
                    "entities": []
                }
            ],
            "traits": [],
            "intent": "create_message"
        },
        {
            "text": "current logged in user",
            "entities": [],
            "traits": [],
            "intent": "whoami"
        },
        {
            "text": "current use",
            "entities": [],
            "traits": []
        },
        {
            "text": "current user",
            "entities": [],
            "traits": [],
            "intent": "whoami"
        },
        {
            "text": "det er ikke lov \u00e5 snakke norsk",
            "entities": [],
            "traits": []
        },
        {
            "text": "do not even do that",
            "entities": [],
            "traits": []
        },
        {
            "text": "don't make me swear",
            "entities": [],
            "traits": []
        },
        {
            "text": "exit my account",
            "entities": [],
            "traits": [],
            "intent": "logout"
        },
        {
            "text": "fetch 1 message from Buckys Badger Den",
            "entities": [
                {
                    "entity": "wit$number:number",
                    "start": 6,
                    "end": 7,
                    "body": "1",
                    "entities": []
                },
                {
                    "entity": "chatroom:chatroom",
                    "start": 21,
                    "end": 38,
                    "body": "Buckys Badger Den",
                    "entities": []
                }
            ],
            "traits": [],
            "intent": "get_messages"
        },
        {
            "text": "fetch 4 messages",
            "entities": [
                {
                    "entity": "wit$number:number",
                    "start": 6,
                    "end": 7,
                    "body": "4",
                    "entities": []
                }
            ],
            "traits": [],
            "intent": "get_messages"
        },
        {
            "text": "fork",
            "entities": [],
            "traits": []
        },
        {
            "text": "from Science Hall Scholars list 10 posts",
            "entities": [
                {
                    "entity": "chatroom:chatroom",
                    "start": 5,
                    "end": 26,
                    "body": "Science Hall Scholars",
                    "entities": []
                },
                {
                    "entity": "wit$number:number",
                    "start": 32,
                    "end": 34,
                    "body": "10",
                    "entities": []
                }
            ],
            "traits": [],
            "intent": "get_messages"
        },
        {
            "text": "get 3 messages",
            "entities": [
                {
                    "entity": "wit$number:number",
                    "start": 4,
                    "end": 5,
                    "body": "3",
                    "entities": []
                }
            ],
            "traits": [],
            "intent": "get_messages"
        },
        {
            "text": "get 3 messages from buckys",
            "entities": [
                {
                    "entity": "chatroom:chatroom",
                    "start": 20,
                    "end": 26,
                    "body": "buckys",
                    "entities": []
                },
                {
                    "entity": "wit$number:number",
                    "start": 4,
                    "end": 5,
                    "body": "3",
                    "entities": []
                }
            ],
            "traits": [],
            "intent": "get_messages"
        },
        {
            "text": "get a message from Grainger Hall Gatherings",
            "entities": [
                {
                    "entity": "chatroom:chatroom",
                    "start": 19,
                    "end": 43,
                    "body": "Grainger Hall Gatherings",
                    "entities": []
                }
            ],
            "traits": [],
            "intent": "get_messages"
        },
        {
            "text": "get from Picnic Point Pathfinders chatroom 4 messages",
            "entities": [
                {
                    "entity": "chatroom:chatroom",
                    "start": 16,
                    "end": 33,
                    "body": "Point Pathfinders",
                    "entities": []
                },
                {
                    "entity": "wit$number:number",
                    "start": 43,
                    "end": 44,
                    "body": "4",
                    "entities": []
                }
            ],
            "traits": [],
            "intent": "get_chatrooms"
        },
        {
            "text": "get help",
            "entities": [],
            "traits": [],
            "intent": "get_help"
        },
        {
            "text": "get latest message from Lakeshore Path Pioneers",
            "entities": [],
            "traits": [],
            "intent": "get_messages"
        },
        {
            "text": "get messag",
            "entities": [],
            "traits": [],
            "intent": "get_messages"
        },
        {
            "text": "get message",
            "entities": [],
            "traits": [],
            "intent": "get_messages"
        },
        {
            "text": "get messages",
            "entities": [],
            "traits": [],
            "intent": "get_messages"
        },
        {
            "text": "get the 2 latest posts",
            "entities": [
                {
                    "entity": "wit$number:number",
                    "start": 8,
                    "end": 9,
                    "body": "2",
                    "entities": []
                }
            ],
            "traits": [],
            "intent": "get_messages"
        },
        {
            "text": "get the latest post",
            "entities": [],
            "traits": [],
            "intent": "get_messages"
        },
        {
            "text": "gimme 4 messages from buckys",
            "entities": [
                {
                    "entity": "wit$number:number",
                    "start": 6,
                    "end": 7,
                    "body": "4",
                    "entities": []
                },
                {
                    "entity": "chatroom:chatroom",
                    "start": 22,
                    "end": 28,
                    "body": "buckys",
                    "entities": []
                }
            ],
            "traits": [],
            "intent": "get_messages"
        },
        {
            "text": "gimme a message",
            "entities": [],
            "traits": [],
            "intent": "get_messages"
        },
        {
            "text": "give me a hand",
            "entities": [],
            "traits": [],
            "intent": "get_help"
        },
        {
            "text": "give me a list of chatrooms",
            "entities": [],
            "traits": [],
            "intent": "get_chatrooms"
        },
        {
            "text": "give me help please",
            "entities": [],
            "traits": [],
            "intent": "get_help"
        },
        {
            "text": "give me the 4 latest posts",
            "entities": [
                {
                    "entity": "wit$number:number",
                    "start": 12,
                    "end": 13,
                    "body": "4",
                    "entities": []
                }
            ],
            "traits": [],
            "intent": "get_messages"
        },
        {
            "text": "give me the latest 10 messages",
            "entities": [
                {
                    "entity": "wit$number:number",
                    "start": 19,
                    "end": 21,
                    "body": "10",
                    "entities": []
                }
            ],
            "traits": [],
            "intent": "get_messages"
        },
        {
            "text": "give me the latest message",
            "entities": [],
            "traits": [],
            "intent": "get_messages"
        },
        {
            "text": "give me the latest messages in Buckys",
            "entities": [],
            "traits": [],
            "intent": "get_messages"
        },
        {
            "text": "hands are just the trees of our bodies",
            "entities": [],
            "traits": []
        },
        {
            "text": "hello",
            "entities": [],
            "traits": []
        },
        {
            "text": "hello! i am def not in the scope",
            "entities": [],
            "traits": []
        },
        {
            "text": "helloi",
            "entities": [],
            "traits": []
        },
        {
            "text": "help",
            "entities": [],
            "traits": [],
            "intent": "get_help"
        },
        {
            "text": "help me",
            "entities": [],
            "traits": [],
            "intent": "get_help"
        },
        {
            "text": "help me again",
            "entities": [],
            "traits": [],
            "intent": "get_help"
        },
        {
            "text": "help me out",
            "entities": [],
            "traits": [],
            "intent": "get_help"
        },
        {
            "text": "help me out with this",
            "entities": [],
            "traits": [],
            "intent": "get_help"
        },
        {
            "text": "hi",
            "entities": [],
            "traits": []
        },
        {
            "text": "hotdogs are good for the soul",
            "entities": [],
            "traits": []
        },
        {
            "text": "i am not sure",
            "entities": [],
            "traits": [],
            "intent": "get_help"
        },
        {
            "text": "i don't know what to do",
            "entities": [],
            "traits": [],
            "intent": "get_help"
        },
        {
            "text": "i don't want to hear it",
            "entities": [],
            "traits": []
        },
        {
            "text": "i have something to say",
            "entities": [],
            "traits": [],
            "intent": "create_message"
        },
        {
            "text": "i need your help",
            "entities": [],
            "traits": [],
            "intent": "get_help"
        },
        {
            "text": "i want 3 messages",
            "entities": [
                {
                    "entity": "wit$number:number",
                    "start": 7,
                    "end": 8,
                    "body": "3",
                    "entities": []
                }
            ],
            "traits": [],
            "intent": "get_messages"
        },
        {
            "text": "i want the last 10 messages",
            "entities": [
                {
                    "entity": "wit$number:number",
                    "start": 16,
                    "end": 18,
                    "body": "10",
                    "entities": []
                }
            ],
            "traits": [],
            "intent": "get_messages"
        },
        {
            "text": "i want to be done",
            "entities": [],
            "traits": [],
            "intent": "logout"
        },
        {
            "text": "i want to log in",
            "entities": [],
            "traits": [],
            "intent": "login"
        },
        {
            "text": "i want to login",
            "entities": [],
            "traits": [],
            "intent": "login"
        },
        {
            "text": "i want to make a post",
            "entities": [],
            "traits": [],
            "intent": "create_message"
        },
        {
            "text": "i want to post something",
            "entities": [],
            "traits": [],
            "intent": "create_message"
        },
        {
            "text": "i want to see a message",
            "entities": [],
            "traits": [],
            "intent": "get_messages"
        },
        {
            "text": "i would like some help",
            "entities": [],
            "traits": [],
            "intent": "get_help"
        },
        {
            "text": "is this enough out-of-scope utterances yet?",
            "entities": [],
            "traits": []
        },
        {
            "text": "latest post",
            "entities": [],
            "traits": [],
            "intent": "get_messages"
        },
        {
            "text": "let it be",
            "entities": [],
            "traits": []
        },
        {
            "text": "let me log in",
            "entities": [],
            "traits": [],
            "intent": "login"
        },
        {
            "text": "let me login",
            "entities": [],
            "traits": [],
            "intent": "login"
        },
        {
            "text": "let me make a post",
            "entities": [],
            "traits": [],
            "intent": "create_message"
        },
        {
            "text": "let me say something in Buckys",
            "entities": [
                {
                    "entity": "chatroom:chatroom",
                    "start": 24,
                    "end": 30,
                    "body": "Buckys",
                    "entities": []
                }
            ],
            "traits": [],
            "intent": "create_message"
        },
        {
            "text": "let me see the chatrooms",
            "entities": [],
            "traits": [],
            "intent": "get_chatrooms"
        },
        {
            "text": "let me see the latest 4 messages",
            "entities": [
                {
                    "entity": "wit$number:number",
                    "start": 22,
                    "end": 23,
                    "body": "4",
                    "entities": []
                }
            ],
            "traits": [],
            "intent": "get_messages"
        },
        {
            "text": "let me see who is signed in",
            "entities": [],
            "traits": [],
            "intent": "whoami"
        },
        {
            "text": "let me sign in",
            "entities": [],
            "traits": [],
            "intent": "login"
        },
        {
            "text": "list 10 messages",
            "entities": [],
            "traits": [],
            "intent": "get_messages"
        },
        {
            "text": "list 10 posts",
            "entities": [
                {
                    "entity": "wit$number:number",
                    "start": 5,
                    "end": 7,
                    "body": "10",
                    "entities": []
                }
            ],
            "traits": [],
            "intent": "get_messages"
        },
        {
            "text": "log in",
            "entities": [],
            "traits": [],
            "intent": "login"
        },
        {
            "text": "log me in",
            "entities": [],
            "traits": [],
            "intent": "login"
        },
        {
            "text": "log me into my account",
            "entities": [],
            "traits": [],
            "intent": "login"
        },
        {
            "text": "log me into my sign in poop please",
            "entities": [],
            "traits": []
        },
        {
            "text": "log me out",
            "entities": [],
            "traits": [],
            "intent": "logout"
        },
        {
            "text": "log me out of my account",
            "entities": [],
            "traits": [],
            "intent": "logout"
        },
        {
            "text": "log out",
            "entities": [],
            "traits": [],
            "intent": "logout"
        },
        {
            "text": "login",
            "entities": [],
            "traits": [],
            "intent": "login"
        },
        {
            "text": "logout",
            "entities": [],
            "traits": [],
            "intent": "logout"
        },
        {
            "text": "logout time",
            "entities": [],
            "traits": [],
            "intent": "logout"
        },
        {
            "text": "make a post",
            "entities": [],
            "traits": [],
            "intent": "create_message"
        },
        {
            "text": "make a post in union south socials",
            "entities": [
                {
                    "entity": "chatroom:chatroom",
                    "start": 15,
                    "end": 34,
                    "body": "union south socials",
                    "entities": []
                }
            ],
            "traits": [],
            "intent": "create_message"
        },
        {
            "text": "make account",
            "entities": [],
            "traits": [],
            "intent": "register"
        },
        {
            "text": "make me an account",
            "entities": [],
            "traits": [],
            "intent": "register"
        },
        {
            "text": "make new account",
            "entities": [],
            "traits": [],
            "intent": "register"
        },
        {
            "text": "make new message in Plork Busters",
            "entities": [],
            "traits": [],
            "intent": "get_messages"
        },
        {
            "text": "make post",
            "entities": [],
            "traits": [],
            "intent": "create_message"
        },
        {
            "text": "make post on chatroom Grainger",
            "entities": [
                {
                    "entity": "chatroom:chatroom",
                    "start": 22,
                    "end": 30,
                    "body": "Grainger",
                    "entities": []
                }
            ],
            "traits": [],
            "intent": "create_message"
        },
        {
            "text": "messages",
            "entities": [],
            "traits": [],
            "intent": "get_messages"
        },
        {
            "text": "my name is steven",
            "entities": [],
            "traits": []
        },
        {
            "text": "need new profile",
            "entities": [],
            "traits": [],
            "intent": "register"
        },
        {
            "text": "new account",
            "entities": [],
            "traits": [],
            "intent": "register"
        },
        {
            "text": "new user",
            "entities": [],
            "traits": [],
            "intent": "register"
        },
        {
            "text": "no give me something else",
            "entities": [],
            "traits": []
        },
        {
            "text": "no one creates messages so long that we would not be able to fit it into the 200 ish approximate characters and that makes me really angry because I spend so much time working on writing this chatbot that it doesn't even matter the work I am doing because no one will have say muc",
            "entities": [],
            "traits": []
        },
        {
            "text": "now log me out",
            "entities": [],
            "traits": [],
            "intent": "logout"
        },
        {
            "text": "nummy nummy",
            "entities": [],
            "traits": []
        },
        {
            "text": "okay",
            "entities": [],
            "traits": [],
            "intent": "wit$confirmation"
        },
        {
            "text": "palse sidn fleisndfldk292",
            "entities": [],
            "traits": []
        },
        {
            "text": "pee",
            "entities": [],
            "traits": []
        },
        {
            "text": "please create new chat in Picnic Point",
            "entities": [
                {
                    "entity": "chatroom:chatroom",
                    "start": 26,
                    "end": 38,
                    "body": "Picnic Point",
                    "entities": []
                }
            ],
            "traits": [],
            "intent": "create_message"
        },
        {
            "text": "please help me",
            "entities": [],
            "traits": [],
            "intent": "get_help"
        },
        {
            "text": "please help me now",
            "entities": [],
            "traits": [],
            "intent": "get_help"
        },
        {
            "text": "please let me see a message",
            "entities": [],
            "traits": [],
            "intent": "get_messages"
        },
        {
            "text": "please log me out of the profile now",
            "entities": [],
            "traits": [],
            "intent": "logout"
        },
        {
            "text": "poop",
            "entities": [],
            "traits": []
        },
        {
            "text": "post a message to picnic point pathfinders",
            "entities": [
                {
                    "entity": "chatroom:chatroom",
                    "start": 25,
                    "end": 42,
                    "body": "point pathfinders",
                    "entities": []
                }
            ],
            "traits": [],
            "intent": "create_message"
        },
        {
            "text": "post message",
            "entities": [],
            "traits": [],
            "intent": "create_message"
        },
        {
            "text": "post to Science Hall",
            "entities": [
                {
                    "entity": "chatroom:chatroom",
                    "start": 8,
                    "end": 20,
                    "body": "Science Hall",
                    "entities": []
                }
            ],
            "traits": [],
            "intent": "create_message"
        },
        {
            "text": "post to Steven's Soldiers",
            "entities": [],
            "traits": [],
            "intent": "create_message"
        },
        {
            "text": "register",
            "entities": [],
            "traits": [],
            "intent": "register"
        },
        {
            "text": "register for an account",
            "entities": [],
            "traits": [],
            "intent": "register"
        },
        {
            "text": "see help",
            "entities": [],
            "traits": [],
            "intent": "get_help"
        },
        {
            "text": "see message",
            "entities": [],
            "traits": [],
            "intent": "get_messages"
        },
        {
            "text": "see the chatrooms",
            "entities": [],
            "traits": [],
            "intent": "get_chatrooms"
        },
        {
            "text": "show 2 posts",
            "entities": [
                {
                    "entity": "wit$number:number",
                    "start": 5,
                    "end": 6,
                    "body": "2",
                    "entities": []
                }
            ],
            "traits": [],
            "intent": "get_messages"
        },
        {
            "text": "show 3 messages",
            "entities": [
                {
                    "entity": "wit$number:number",
                    "start": 5,
                    "end": 6,
                    "body": "3",
                    "entities": []
                }
            ],
            "traits": [],
            "intent": "get_messages"
        },
        {
            "text": "show a chat",
            "entities": [],
            "traits": [],
            "intent": "get_messages"
        },
        {
            "text": "show chatrooms",
            "entities": [],
            "traits": [],
            "intent": "get_chatrooms"
        },
        {
            "text": "show latest 3 messages from scholars",
            "entities": [
                {
                    "entity": "chatroom:chatroom",
                    "start": 28,
                    "end": 36,
                    "body": "scholars",
                    "entities": []
                },
                {
                    "entity": "wit$number:number",
                    "start": 12,
                    "end": 13,
                    "body": "3",
                    "entities": []
                }
            ],
            "traits": [],
            "intent": "get_messages"
        },
        {
            "text": "show me 10 messages",
            "entities": [
                {
                    "entity": "wit$number:number",
                    "start": 8,
                    "end": 10,
                    "body": "10",
                    "entities": []
                }
            ],
            "traits": [],
            "intent": "get_messages"
        },
        {
            "text": "show me 12 messages",
            "entities": [
                {
                    "entity": "wit$number:number",
                    "start": 8,
                    "end": 10,
                    "body": "12",
                    "entities": []
                }
            ],
            "traits": [],
            "intent": "get_messages"
        },
        {
            "text": "show me 20 messages",
            "entities": [
                {
                    "entity": "wit$number:number",
                    "start": 8,
                    "end": 10,
                    "body": "20",
                    "entities": []
                }
            ],
            "traits": [],
            "intent": "get_messages"
        },
        {
            "text": "show me 3 messages",
            "entities": [
                {
                    "entity": "wit$number:number",
                    "start": 8,
                    "end": 9,
                    "body": "3",
                    "entities": []
                }
            ],
            "traits": [],
            "intent": "get_messages"
        },
        {
            "text": "show me 4 messages in Buckys",
            "entities": [
                {
                    "entity": "wit$number:number",
                    "start": 8,
                    "end": 9,
                    "body": "4",
                    "entities": []
                }
            ],
            "traits": [],
            "intent": "get_messages"
        },
        {
            "text": "show me a message",
            "entities": [],
            "traits": [],
            "intent": "get_messages"
        },
        {
            "text": "show me a message from pioneers",
            "entities": [
                {
                    "entity": "chatroom:chatroom",
                    "start": 23,
                    "end": 31,
                    "body": "pioneers",
                    "entities": []
                }
            ],
            "traits": [],
            "intent": "get_messages"
        },
        {
            "text": "show me last 2 messages",
            "entities": [
                {
                    "entity": "wit$number:number",
                    "start": 13,
                    "end": 14,
                    "body": "2",
                    "entities": []
                }
            ],
            "traits": [],
            "intent": "get_messages"
        },
        {
            "text": "show me my information",
            "entities": [],
            "traits": [],
            "intent": "whoami"
        },
        {
            "text": "show me the chatrooms",
            "entities": [],
            "traits": [],
            "intent": "get_chatrooms"
        },
        {
            "text": "show me the last 10 messages",
            "entities": [
                {
                    "entity": "wit$number:number",
                    "start": 17,
                    "end": 19,
                    "body": "10",
                    "entities": []
                }
            ],
            "traits": [],
            "intent": "get_messages"
        },
        {
            "text": "show me the latest message",
            "entities": [],
            "traits": [],
            "intent": "get_messages"
        },
        {
            "text": "show me the latest post",
            "entities": [],
            "traits": [],
            "intent": "get_messages"
        },
        {
            "text": "show message",
            "entities": [],
            "traits": [],
            "intent": "get_messages"
        },
        {
            "text": "show post",
            "entities": [],
            "traits": [],
            "intent": "get_messages"
        },
        {
            "text": "show the last 30 posts",
            "entities": [
                {
                    "entity": "wit$number:number",
                    "start": 14,
                    "end": 16,
                    "body": "30",
                    "entities": []
                }
            ],
            "traits": [],
            "intent": "get_messages"
        },
        {
            "text": "show the last ten messages",
            "entities": [
                {
                    "entity": "wit$number:number",
                    "start": 14,
                    "end": 17,
                    "body": "ten",
                    "entities": []
                }
            ],
            "traits": [],
            "intent": "get_messages"
        },
        {
            "text": "sign in",
            "entities": [],
            "traits": [],
            "intent": "login"
        },
        {
            "text": "sign me in",
            "entities": [],
            "traits": [],
            "intent": "login"
        },
        {
            "text": "sign me out",
            "entities": [],
            "traits": [],
            "intent": "logout"
        },
        {
            "text": "sign me up",
            "entities": [],
            "traits": [],
            "intent": "register"
        },
        {
            "text": "sign out",
            "entities": [],
            "traits": [],
            "intent": "logout"
        },
        {
            "text": "sign out current user",
            "entities": [],
            "traits": [],
            "intent": "logout"
        },
        {
            "text": "signin",
            "entities": [],
            "traits": [],
            "intent": "login"
        },
        {
            "text": "snakk engelsk!",
            "entities": [],
            "traits": []
        },
        {
            "text": "sploog",
            "entities": [],
            "traits": []
        },
        {
            "text": "stupid is as stupid does",
            "entities": [],
            "traits": []
        },
        {
            "text": "tell me a message",
            "entities": [],
            "traits": [],
            "intent": "get_messages"
        },
        {
            "text": "tell me the latest message",
            "entities": [],
            "traits": [],
            "intent": "get_messages"
        },
        {
            "text": "tell me the names of the chatrooms",
            "entities": [],
            "traits": [],
            "intent": "get_chatrooms"
        },
        {
            "text": "tell me what I can do",
            "entities": [],
            "traits": [],
            "intent": "get_help"
        },
        {
            "text": "the worst part about wit is the HORRIBLE UI DESIGN",
            "entities": [],
            "traits": []
        },
        {
            "text": "this has been fun, sign me out now please",
            "entities": [],
            "traits": [],
            "intent": "logout"
        },
        {
            "text": "this is dumb",
            "entities": [],
            "traits": []
        },
        {
            "text": "this is out of scope",
            "entities": [],
            "traits": []
        },
        {
            "text": "this seems like it should be easier to train",
            "entities": [],
            "traits": []
        },
        {
            "text": "time to sign out of my account",
            "entities": [],
            "traits": [],
            "intent": "logout"
        },
        {
            "text": "training wit is a pain but overall these projects are neat",
            "entities": [],
            "traits": []
        },
        {
            "text": "type your utterance",
            "entities": [],
            "traits": []
        },
        {
            "text": "verify my account",
            "entities": [],
            "traits": [],
            "intent": "login"
        },
        {
            "text": "vi elsker ikke norsk",
            "entities": [],
            "traits": []
        },
        {
            "text": "vis meg meldinger i Sosiale",
            "entities": [],
            "traits": []
        },
        {
            "text": "what are my options",
            "entities": [],
            "traits": [],
            "intent": "get_help"
        },
        {
            "text": "what are the 4 latest posts in Union South Socials",
            "entities": [
                {
                    "entity": "wit$number:number",
                    "start": 13,
                    "end": 14,
                    "body": "4",
                    "entities": []
                },
                {
                    "entity": "chatroom:chatroom",
                    "start": 31,
                    "end": 50,
                    "body": "Union South Socials",
                    "entities": []
                }
            ],
            "traits": [],
            "intent": "get_messages"
        },
        {
            "text": "what are the chatrooms",
            "entities": [],
            "traits": [],
            "intent": "get_chatrooms"
        },
        {
            "text": "what are the latest messages",
            "entities": [],
            "traits": [],
            "intent": "get_messages"
        },
        {
            "text": "what can I do",
            "entities": [],
            "traits": [],
            "intent": "get_help"
        },
        {
            "text": "what chatrooms are there",
            "entities": [],
            "traits": [],
            "intent": "get_chatrooms"
        },
        {
            "text": "what chatrooms can I use",
            "entities": [],
            "traits": [],
            "intent": "get_chatrooms"
        },
        {
            "text": "what else can I do",
            "entities": [],
            "traits": [],
            "intent": "get_help"
        },
        {
            "text": "what is my username",
            "entities": [],
            "traits": [],
            "intent": "whoami"
        },
        {
            "text": "what is the active profile",
            "entities": [],
            "traits": [],
            "intent": "whoami"
        },
        {
            "text": "what is the latest chat",
            "entities": [],
            "traits": [],
            "intent": "get_messages"
        },
        {
            "text": "what is the latest message",
            "entities": [],
            "traits": [],
            "intent": "get_messages"
        },
        {
            "text": "what is the latest post",
            "entities": [],
            "traits": [],
            "intent": "get_messages"
        },
        {
            "text": "what types of chatroom are there",
            "entities": [],
            "traits": [],
            "intent": "get_chatrooms"
        },
        {
            "text": "what's the latest message in Science Hall",
            "entities": [
                {
                    "entity": "chatroom:chatroom",
                    "start": 29,
                    "end": 41,
                    "body": "Science Hall",
                    "entities": []
                }
            ],
            "traits": [],
            "intent": "get_messages"
        },
        {
            "text": "what?",
            "entities": [],
            "traits": [],
            "intent": "get_help"
        },
        {
            "text": "which chatrooms are available",
            "entities": [],
            "traits": [],
            "intent": "get_chatrooms"
        },
        {
            "text": "which chatrooms can I select",
            "entities": [],
            "traits": [],
            "intent": "get_chatrooms"
        },
        {
            "text": "who am I",
            "entities": [],
            "traits": [],
            "intent": "whoami"
        },
        {
            "text": "who am I logged in as",
            "entities": [],
            "traits": [],
            "intent": "whoami"
        },
        {
            "text": "who am i",
            "entities": [],
            "traits": [],
            "intent": "whoami"
        },
        {
            "text": "who is logged in",
            "entities": [],
            "traits": [],
            "intent": "whoami"
        },
        {
            "text": "who is signed in",
            "entities": [],
            "traits": [],
            "intent": "whoami"
        },
        {
            "text": "who is the active user",
            "entities": [],
            "traits": [],
            "intent": "whoami"
        },
        {
            "text": "who is the current user",
            "entities": [],
            "traits": [],
            "intent": "whoami"
        },
        {
            "text": "whose account is signed in",
            "entities": [],
            "traits": [],
            "intent": "whoami"
        },
        {
            "text": "wormy gormy shwarmy",
            "entities": [],
            "traits": []
        },
        {
            "text": "wtf",
            "entities": [],
            "traits": []
        },
        {
            "text": "you are dumb chat bot",
            "entities": [],
            "traits": []
        },
        {
            "text": "you should be able to select a language and have non-language automatically trained out",
            "entities": [],
            "traits": []
        }
    ]
}
